-- phpMyAdmin SQL Dump
-- version 5.2.0
-- https://www.phpmyadmin.net/
--
-- Host: 127.0.0.1
-- Generation Time: Apr 14, 2023 at 07:48 PM
-- Server version: 10.4.27-MariaDB
-- PHP Version: 8.1.12

SET SQL_MODE = "NO_AUTO_VALUE_ON_ZERO";
START TRANSACTION;
SET time_zone = "+00:00";


/*!40101 SET @OLD_CHARACTER_SET_CLIENT=@@CHARACTER_SET_CLIENT */;
/*!40101 SET @OLD_CHARACTER_SET_RESULTS=@@CHARACTER_SET_RESULTS */;
/*!40101 SET @OLD_COLLATION_CONNECTION=@@COLLATION_CONNECTION */;
/*!40101 SET NAMES utf8mb4 */;

--
-- Database: `dbtoko`
--

-- --------------------------------------------------------

--
-- Table structure for table `jenis_produk`
--

CREATE TABLE `jenis_produk` (
  `id` int(11) NOT NULL,
  `nama` varchar(45) DEFAULT NULL
) ENGINE=InnoDB DEFAULT CHARSET=latin1 COLLATE=latin1_swedish_ci;

--
-- Dumping data for table `jenis_produk`
--

INSERT INTO `jenis_produk` (`id`, `nama`) VALUES
(1, 'elektronik'),
(2, 'makanan'),
(3, 'minuman'),
(4, 'furniture');

-- --------------------------------------------------------

--
-- Table structure for table `kartu`
--

CREATE TABLE `kartu` (
  `id` int(11) NOT NULL,
  `kode` varchar(6) DEFAULT NULL,
  `nama` varchar(30) NOT NULL,
  `diskon` double DEFAULT NULL,
  `iuran` double DEFAULT NULL
) ENGINE=InnoDB DEFAULT CHARSET=latin1 COLLATE=latin1_swedish_ci;

--
-- Dumping data for table `kartu`
--

INSERT INTO `kartu` (`id`, `kode`, `nama`, `diskon`, `iuran`) VALUES
(1, '10111', 'Gold', 20000, 2000),
(2, '10112', 'Silver', 15000, 1500),
(3, '10113', 'platinum', 10000, 1000);

-- --------------------------------------------------------

--
-- Table structure for table `pelanggan`
--

CREATE TABLE `pelanggan` (
  `id` int(11) NOT NULL,
  `kode` varchar(10) DEFAULT NULL,
  `nama_pelanggan` varchar(50) DEFAULT NULL,
  `jk` char(1) DEFAULT NULL,
  `tmp_lahir` varchar(30) DEFAULT NULL,
  `tgl_lahir` date DEFAULT NULL,
  `email` varchar(45) DEFAULT NULL,
  `kartu_id` int(11) NOT NULL,
  `alamat` varchar(40) DEFAULT NULL
) ENGINE=InnoDB DEFAULT CHARSET=latin1 COLLATE=latin1_swedish_ci;

--
-- Dumping data for table `pelanggan`
--

INSERT INTO `pelanggan` (`id`, `kode`, `nama_pelanggan`, `jk`, `tmp_lahir`, `tgl_lahir`, `email`, `kartu_id`, `alamat`) VALUES
(1, '011101', 'Agung', 'L', 'Bandung', '1997-09-06', 'agung@gmail.com', 1, 'Jalan Braga'),
(2, '011102', 'Pandan Wangi', 'P', 'Yogyakarta', '1998-08-07', 'pandan@gmail.com', 2, 'Jalan Malioboro'),
(3, '011103', 'Sekar', 'P', 'Kediri', '2001-09-08', 'sekar@gmail.com', 1, 'Jalan Kediri Jaya'),
(4, '011104', 'Suandi', 'L', 'Jakarta', '1997-09-08', 'suandi@gmail.com', 1, 'Jalan Kediri Jaya'),
(5, '011105', 'Pradana', 'L', 'Jakarta', '2001-08-01', 'pradana@gmail.com', 2, 'Jalan Kemang'),
(6, '011106', 'Gayatri Putri', 'P', 'Jakarta', '2002-09-01', 'gayatri@gmail.com', 1, 'Jalan Sudirman');

-- --------------------------------------------------------

--
-- Table structure for table `pembayaran`
--

CREATE TABLE `pembayaran` (
  `id` int(11) NOT NULL,
  `nokuitansi` varchar(10) DEFAULT NULL,
  `tanggal` date DEFAULT NULL,
  `jumlah` double DEFAULT NULL,
  `ke` int(11) DEFAULT NULL,
  `pesanan_id` int(11) NOT NULL
) ENGINE=InnoDB DEFAULT CHARSET=latin1 COLLATE=latin1_swedish_ci;

-- --------------------------------------------------------

--
-- Table structure for table `pembelian`
--

CREATE TABLE `pembelian` (
  `id` int(11) NOT NULL,
  `tanggal` varchar(45) DEFAULT NULL,
  `nomor` varchar(10) DEFAULT NULL,
  `produk_id` int(11) NOT NULL,
  `jumlah` int(11) DEFAULT NULL,
  `harga` double DEFAULT NULL,
  `vendor_id` int(11) NOT NULL
) ENGINE=InnoDB DEFAULT CHARSET=latin1 COLLATE=latin1_swedish_ci;

-- --------------------------------------------------------

--
-- Table structure for table `pesanan`
--

CREATE TABLE `pesanan` (
  `id` int(11) NOT NULL,
  `tanggal` date DEFAULT NULL,
  `total` double DEFAULT NULL,
  `pelanggan_id` int(11) NOT NULL
) ENGINE=InnoDB DEFAULT CHARSET=latin1 COLLATE=latin1_swedish_ci;

-- --------------------------------------------------------

--
-- Table structure for table `pesanan_items`
--

CREATE TABLE `pesanan_items` (
  `id` int(11) NOT NULL,
  `produk_id` int(11) NOT NULL,
  `pesanan_id` int(11) NOT NULL,
  `qty` int(11) DEFAULT NULL,
  `harga` double DEFAULT NULL
) ENGINE=InnoDB DEFAULT CHARSET=latin1 COLLATE=latin1_swedish_ci;

-- --------------------------------------------------------

--
-- Table structure for table `produk`
--

CREATE TABLE `produk` (
  `id` int(11) NOT NULL,
  `kode` varchar(10) DEFAULT NULL,
  `nama` varchar(45) NOT NULL,
  `harga_beli` double DEFAULT NULL,
  `harga_jual` double DEFAULT NULL,
  `stok` int(11) DEFAULT NULL,
  `min_stok` int(11) DEFAULT NULL,
  `jenis_produk_id` int(11) DEFAULT NULL
) ENGINE=InnoDB DEFAULT CHARSET=latin1 COLLATE=latin1_swedish_ci;

--
-- Dumping data for table `produk`
--

INSERT INTO `produk` (`id`, `kode`, `nama`, `harga_beli`, `harga_jual`, `stok`, `min_stok`, `jenis_produk_id`) VALUES
(1, 'TV01', 'TV', 3000000, 4000000, 3, 2, 1),
(2, 'TV02', 'TV 21 Inch', 2000000, 3000000, 10, 3, 1),
(3, 'K001', 'Kulkas', 4000000, 5000000, 10, 3, 1),
(4, 'M001', 'Meja Makan', 1000000, 2000000, 4, 2, 4),
(5, 'T001', 'Taro', 4000, 5000, 3, 2, 2),
(6, 'TK01', 'Teh Kotak', 3000, 4000, 2, 10, 3);

-- --------------------------------------------------------

--
-- Table structure for table `vendor`
--

CREATE TABLE `vendor` (
  `id` int(11) NOT NULL,
  `nomor` varchar(4) DEFAULT NULL,
  `nama` varchar(40) DEFAULT NULL,
  `kota` varchar(30) DEFAULT NULL,
  `kontak` varchar(30) DEFAULT NULL
) ENGINE=InnoDB DEFAULT CHARSET=latin1 COLLATE=latin1_swedish_ci;

--
-- Indexes for dumped tables
--

--
-- Indexes for table `jenis_produk`
--
ALTER TABLE `jenis_produk`
  ADD PRIMARY KEY (`id`);

--
-- Indexes for table `kartu`
--
ALTER TABLE `kartu`
  ADD PRIMARY KEY (`id`),
  ADD UNIQUE KEY `kode` (`kode`);

--
-- Indexes for table `pelanggan`
--
ALTER TABLE `pelanggan`
  ADD PRIMARY KEY (`id`),
  ADD UNIQUE KEY `kode` (`kode`);

--
-- Indexes for table `pembayaran`
--
ALTER TABLE `pembayaran`
  ADD PRIMARY KEY (`id`),
  ADD UNIQUE KEY `nokuitansi` (`nokuitansi`);

--
-- Indexes for table `pembelian`
--
ALTER TABLE `pembelian`
  ADD PRIMARY KEY (`id`);

--
-- Indexes for table `pesanan`
--
ALTER TABLE `pesanan`
  ADD PRIMARY KEY (`id`);

--
-- Indexes for table `pesanan_items`
--
ALTER TABLE `pesanan_items`
  ADD PRIMARY KEY (`id`);

--
-- Indexes for table `produk`
--
ALTER TABLE `produk`
  ADD PRIMARY KEY (`id`),
  ADD UNIQUE KEY `kode` (`kode`);

--
-- Indexes for table `vendor`
--
ALTER TABLE `vendor`
  ADD PRIMARY KEY (`id`);

--
-- AUTO_INCREMENT for dumped tables
--

--
-- AUTO_INCREMENT for table `jenis_produk`
--
ALTER TABLE `jenis_produk`
  MODIFY `id` int(11) NOT NULL AUTO_INCREMENT, AUTO_INCREMENT=5;

--
-- AUTO_INCREMENT for table `kartu`
--
ALTER TABLE `kartu`
  MODIFY `id` int(11) NOT NULL AUTO_INCREMENT, AUTO_INCREMENT=4;

--
-- AUTO_INCREMENT for table `pelanggan`
--
ALTER TABLE `pelanggan`
  MODIFY `id` int(11) NOT NULL AUTO_INCREMENT, AUTO_INCREMENT=7;

--
-- AUTO_INCREMENT for table `pembayaran`
--
ALTER TABLE `pembayaran`
  MODIFY `id` int(11) NOT NULL AUTO_INCREMENT;

--
-- AUTO_INCREMENT for table `pembelian`
--
ALTER TABLE `pembelian`
  MODIFY `id` int(11) NOT NULL AUTO_INCREMENT;

--
-- AUTO_INCREMENT for table `pesanan`
--
ALTER TABLE `pesanan`
  MODIFY `id` int(11) NOT NULL AUTO_INCREMENT;

--
-- AUTO_INCREMENT for table `pesanan_items`
--
ALTER TABLE `pesanan_items`
  MODIFY `id` int(11) NOT NULL AUTO_INCREMENT;

--
-- AUTO_INCREMENT for table `produk`
--
ALTER TABLE `produk`
  MODIFY `id` int(11) NOT NULL AUTO_INCREMENT, AUTO_INCREMENT=7;

--
-- AUTO_INCREMENT for table `vendor`
--
ALTER TABLE `vendor`
  MODIFY `id` int(11) NOT NULL AUTO_INCREMENT;
COMMIT;

/*!40101 SET CHARACTER_SET_CLIENT=@OLD_CHARACTER_SET_CLIENT */;
/*!40101 SET CHARACTER_SET_RESULTS=@OLD_CHARACTER_SET_RESULTS */;
/*!40101 SET COLLATION_CONNECTION=@OLD_COLLATION_CONNECTION */;
